{
    "adamant": { "num": 3, "name": "Adamant", "plus": "attack", "minus": "specialattack"},
    "bashful": { "num": 18, "name": "Bashful"},
    "bold": { "num": 5, "name": "Bold", "plus": "defense", "minus": "attack"},
    "brave": { "num": 2, "name": "Brave", "plus": "attack", "minus": "speed"},
    "calm": { "num": 20, "name": "Calm", "plus": "specialdefense", "minus": "attack"},
    "careful": { "num": 23, "name": "Careful", "plus": "specialdefense", "minus": "specialattack"},
    "docile": { "num": 6, "name": "Docile"},
    "gentle": { "num": 21, "name": "Gentle", "plus": "specialdefense", "minus": "defense"},
    "hardy": { "num": 0, "name": "Hardy"},
    "hasty": { "num": 11, "name": "Hasty", "plus": "speed", "minus": "defense"},
    "impish": { "num": 8, "name": "Impish", "plus": "defense", "minus": "specialattack"},
    "jolly": { "num": 13, "name": "Jolly", "plus": "speed", "minus": "specialattack"},
    "lax": { "num": 9, "name": "Lax", "plus": "defense", "minus": "specialdefense"},
    "lonely": { "num": 1, "name": "Lonely", "plus": "attack", "minus": "defense"},
    "mild": { "num": 16, "name": "Mild", "plus": "specialattack", "minus": "defense"},
    "modest": { "num": 15, "name": "Modest", "plus": "specialattack", "minus": "attack"},
    "naive": { "num": 14, "name": "Naive", "plus": "speed", "minus": "specialdefense"},
    "naughty": { "num": 4, "name": "Naughty", "plus": "attack", "minus": "specialdefense"},
    "quiet": { "num": 17, "name": "Quiet", "plus": "specialattack", "minus": "speed"},
    "quirky": { "num": 24, "name": "Quirky"},
    "rash": { "num": 19, "name": "Rash", "plus": "specialattack", "minus": "specialdefense"},
    "relaxed": { "num": 7, "name": "Relaxed", "plus": "defense", "minus": "speed"},
    "sassy": { "num": 22, "name": "Sassy", "plus": "specialdefense", "minus": "speed"},
    "serious": { "num": 12, "name": "Serious"},
    "timid": { "num": 10, "name": "Timid", "plus": "speed", "minus": "attack"}
}
