{
    "Bug": {
        "damage_taken": {
            "Bug": 1,
            "Dark": 1,
            "Dragon": 1,
            "Electric": 1,
            "Fairy": 1,
            "Fighting": 0.5,
            "Fire": 2,
            "Flying": 2,
            "Ghost": 1,
            "Grass": 0.5,
            "Ground": 0.5,
            "Ice": 1,
            "Normal": 1,
            "Poison": 1,
            "Psychic": 1,
            "Rock": 2,
            "Steel": 1,
            "Water": 1
        },
        "HPivs": {
            "atk": 30,
            "def": 30,
            "spd": 30
        }
    },
    "Dark": {
        "damage_taken": {
            "Bug": 2,
            "Dark": 0.5,
            "Dragon": 1,
            "Electric": 1,
            "Fairy": 2,
            "Fighting": 2,
            "Fire": 1,
            "Flying": 1,
            "Ghost": 0.5,
            "Grass": 1,
            "Ground": 1,
            "Ice": 1,
            "Normal": 1,
            "Poison": 1,
            "Psychic": 0,
            "Rock": 1,
            "Steel": 1,
            "Water": 1
        },
        "HPivs": {}
    },
    "Dragon": {
        "damage_taken": {
            "Bug": 1,
            "Dark": 1,
            "Dragon": 2,
            "Electric": 0.5,
            "Fairy": 2,
            "Fighting": 1,
            "Fire": 0.5,
            "Flying": 1,
            "Ghost": 1,
            "Grass": 0.5,
            "Ground": 1,
            "Ice": 2,
            "Normal": 1,
            "Poison": 1,
            "Psychic": 1,
            "Rock": 1,
            "Steel": 1,
            "Water": 0.5
        },
        "HPivs": {
            "atk": 30
        }
    },
    "Electric": {
        "damage_taken": {
            "Bug": 1,
            "Dark": 1,
            "Dragon": 1,
            "Electric": 0.5,
            "Fairy": 1,
            "Fighting": 1,
            "Fire": 1,
            "Flying": 0.5,
            "Ghost": 1,
            "Grass": 1,
            "Ground": 2,
            "Ice": 1,
            "Normal": 1,
            "Poison": 1,
            "Psychic": 1,
            "Rock": 1,
            "Steel": 0.5,
            "Water": 1
        },
        "HPivs": {
            "spa": 30
        }
    },
    "Fairy": {
        "damage_taken": {
            "Bug": 0.5,
            "Dark": 0.5,
            "Dragon": 0,
            "Electric": 1,
            "Fairy": 1,
            "Fighting": 0.5,
            "Fire": 1,
            "Flying": 1,
            "Ghost": 1,
            "Grass": 1,
            "Ground": 1,
            "Ice": 1,
            "Normal": 1,
            "Poison": 2,
            "Psychic": 1,
            "Rock": 1,
            "Steel": 2,
            "Water": 1
        }
    },
    "Fighting": {
        "damage_taken": {
            "Bug": 0.5,
            "Dark": 0.5,
            "Dragon": 1,
            "Electric": 1,
            "Fairy": 2,
            "Fighting": 1,
            "Fire": 1,
            "Flying": 2,
            "Ghost": 1,
            "Grass": 1,
            "Ground": 1,
            "Ice": 1,
            "Normal": 1,
            "Poison": 1,
            "Psychic": 2,
            "Rock": 0.5,
            "Steel": 1,
            "Water": 1
        },
        "HPivs": {
            "def": 30,
            "spa": 30,
            "spd": 30,
            "spe": 30
        }
    },
    "Fire": {
        "damage_taken": {
            "Bug": 0.5,
            "Dark": 1,
            "Dragon": 1,
            "Electric": 1,
            "Fairy": 0.5,
            "Fighting": 1,
            "Fire": 0.5,
            "Flying": 1,
            "Ghost": 1,
            "Grass": 0.5,
            "Ground": 2,
            "Ice": 0.5,
            "Normal": 1,
            "Poison": 1,
            "Psychic": 1,
            "Rock": 2,
            "Steel": 0.5,
            "Water": 2
        },
        "HPivs": {
            "atk": 30,
            "spa": 30,
            "spe": 30
        }
    },
    "Flying": {
        "damage_taken": {
            "Bug": 0.5,
            "Dark": 1,
            "Dragon": 1,
            "Electric": 2,
            "Fairy": 1,
            "Fighting": 0.5,
            "Fire": 1,
            "Flying": 1,
            "Ghost": 1,
            "Grass": 0.5,
            "Ground": 0,
            "Ice": 2,
            "Normal": 1,
            "Poison": 1,
            "Psychic": 1,
            "Rock": 2,
            "Steel": 1,
            "Water": 1
        },
        "HPivs": {
            "hp": 30,
            "atk": 30,
            "def": 30,
            "spa": 30,
            "spd": 30
        }
    },
    "Ghost": {
        "damage_taken": {
            "Bug": 0.5,
            "Dark": 2,
            "Dragon": 1,
            "Electric": 1,
            "Fairy": 1,
            "Fighting": 0,
            "Fire": 1,
            "Flying": 1,
            "Ghost": 2,
            "Grass": 1,
            "Ground": 1,
            "Ice": 1,
            "Normal": 0,
            "Poison": 0.5,
            "Psychic": 1,
            "Rock": 1,
            "Steel": 1,
            "Water": 1
        },
        "HPivs": {
            "def": 30,
            "spd": 30
        }
    },
    "Grass": {
        "damage_taken": {
            "Bug": 2,
            "Dark": 1,
            "Dragon": 1,
            "Electric": 0.5,
            "Fairy": 1,
            "Fighting": 1,
            "Fire": 2,
            "Flying": 2,
            "Ghost": 1,
            "Grass": 0.5,
            "Ground": 0.5,
            "Ice": 2,
            "Normal": 1,
            "Poison": 2,
            "Psychic": 1,
            "Rock": 1,
            "Steel": 1,
            "Water": 0.5
        },
        "HPivs": {
            "atk": 30,
            "spa": 30
        }
    },
    "Ground": {
        "damage_taken": {
            "Bug": 1,
            "Dark": 1,
            "Dragon": 1,
            "Electric": 0,
            "Fairy": 1,
            "Fighting": 1,
            "Fire": 1,
            "Flying": 1,
            "Ghost": 1,
            "Grass": 2,
            "Ground": 1,
            "Ice": 2,
            "Normal": 1,
            "Poison": 0.5,
            "Psychic": 1,
            "Rock": 0.5,
            "Steel": 1,
            "Water": 2
        },
        "HPivs": {
            "spa": 30,
            "spd": 30
        }
    },
    "Ice": {
        "damage_taken": {
            "Bug": 1,
            "Dark": 1,
            "Dragon": 1,
            "Electric": 1,
            "Fairy": 1,
            "Fighting": 2,
            "Fire": 2,
            "Flying": 1,
            "Ghost": 1,
            "Grass": 1,
            "Ground": 1,
            "Ice": 0.5,
            "Normal": 1,
            "Poison": 1,
            "Psychic": 1,
            "Rock": 2,
            "Steel": 2,
            "Water": 1
        },
        "HPivs": {
            "atk": 30,
            "def": 30
        }
    },
    "Normal": {
        "damage_taken": {
            "Bug": 1,
            "Dark": 1,
            "Dragon": 1,
            "Electric": 1,
            "Fairy": 1,
            "Fighting": 2,
            "Fire": 1,
            "Flying": 1,
            "Ghost": 0,
            "Grass": 1,
            "Ground": 1,
            "Ice": 1,
            "Normal": 1,
            "Poison": 1,
            "Psychic": 1,
            "Rock": 1,
            "Steel": 1,
            "Water": 1
        }
    },
    "Poison": {
        "damage_taken": {
            "Bug": 0.5,
            "Dark": 1,
            "Dragon": 1,
            "Electric": 1,
            "Fairy": 0.5,
            "Fighting": 0.5,
            "Fire": 1,
            "Flying": 1,
            "Ghost": 1,
            "Grass": 0.5,
            "Ground": 2,
            "Ice": 1,
            "Normal": 1,
            "Poison": 0.5,
            "Psychic": 2,
            "Rock": 1,
            "Steel": 1,
            "Water": 1
        },
        "HPivs": {
            "def": 30,
            "spa": 30,
            "spd": 30
        }
    },
    "Psychic": {
        "damage_taken": {
            "Bug": 2,
            "Dark": 2,
            "Dragon": 1,
            "Electric": 1,
            "Fairy": 1,
            "Fighting": 0.5,
            "Fire": 1,
            "Flying": 1,
            "Ghost": 2,
            "Grass": 1,
            "Ground": 1,
            "Ice": 1,
            "Normal": 1,
            "Poison": 1,
            "Psychic": 0.5,
            "Rock": 1,
            "Steel": 1,
            "Water": 1
        },
        "HPivs": {
            "atk": 30,
            "spe": 30
        }
    },
    "Rock": {
        "damage_taken": {
            "Bug": 1,
            "Dark": 1,
            "Dragon": 1,
            "Electric": 1,
            "Fairy": 1,
            "Fighting": 2,
            "Fire": 0.5,
            "Flying": 0.5,
            "Ghost": 1,
            "Grass": 2,
            "Ground": 2,
            "Ice": 1,
            "Normal": 0.5,
            "Poison": 0.5,
            "Psychic": 1,
            "Rock": 1,
            "Steel": 2,
            "Water": 2
        },
        "HPivs": {
            "def": 30,
            "spd": 30,
            "spe": 30
        }
    },
    "Steel": {
        "damage_taken": {
            "Bug": 0.5,
            "Dark": 1,
            "Dragon": 0.5,
            "Electric": 1,
            "Fairy": 0.5,
            "Fighting": 2,
            "Fire": 2,
            "Flying": 0.5,
            "Ghost": 1,
            "Grass": 0.5,
            "Ground": 2,
            "Ice": 0.5,
            "Normal": 0.5,
            "Poison": 0,
            "Psychic": 0.5,
            "Rock": 0.5,
            "Steel": 0.5,
            "Water": 1
        },
        "HPivs": {
            "spd": 30
        }
    },
    "Water": {
        "damage_taken": {
            "Bug": 1,
            "Dark": 1,
            "Dragon": 1,
            "Electric": 2,
            "Fairy": 1,
            "Fighting": 1,
            "Fire": 0.5,
            "Flying": 1,
            "Ghost": 1,
            "Grass": 2,
            "Ground": 1,
            "Ice": 0.5,
            "Normal": 1,
            "Poison": 1,
            "Psychic": 1,
            "Rock": 1,
            "Steel": 0.5,
            "Water": 0.5 
        },
        "HPivs": {
            "atk": 30,
            "def": 30,
            "spa": 30
        }
    }
}
